id_fato,data_id,cliente_id,canal_id,campanha_id,cliques,impressoes,conversoes,custo_total,receita_total
1,42,5,4,5,834,5354,107,2890.29,2079.8
2,129,5,1,4,93,3609,16,1101.97,1649.77
3,28,7,5,9,969,2513,94,2854.95,7405.55
4,229,5,1,4,347,3866,53,196.26,187.85
5,357,6,4,3,153,4782,29,1472.03,3989.69
6,238,10,5,10,368,4448,42,2636.49,2169.74
7,25,17,4,10,986,1517,133,4723.95,13486.62
8,256,11,1,1,800,3145,67,3153.68,1840.2
9,349,3,1,4,132,1040,18,4525.18,7608.45
10,230,17,5,5,201,4951,26,707.18,1095.51
11,146,9,3,5,369,2872,27,2007.4,2831.49
12,299,18,5,6,517,4463,82,686.63,1671.54
13,341,14,2,7,995,4052,148,998.42,1121.87
14,287,10,4,10,439,5052,33,3788.92,7382.94
15,134,3,5,3,236,3750,38,2930.03,8017.33
16,186,8,3,5,222,1715,5,4320.42,5925.55
17,144,15,1,7,505,4812,7,3939.54,5921.9
18,88,1,2,4,205,790,4,2559.13,4491.89
19,107,10,2,1,338,1905,33,489.11,845.53
20,360,3,2,4,623,1759,33,3032.93,7121.39
21,16,16,3,4,687,1350,118,3068.94,5785.05
22,39,15,1,6,259,3141,47,4246.39,4277.05
23,52,19,1,7,171,3943,28,187.59,123.32
24,58,12,4,8,504,1500,95,2574.36,1484.05
25,266,6,3,6,251,1847,4,4080.7,9067.67
26,122,12,1,9,192,3516,4,2610.81,4578.04
27,71,15,4,3,745,1573,23,1561.23,2565.56
28,51,19,2,8,375,4767,58,4164.59,8295.2
29,310,16,2,4,333,1476,65,782.61,871.92
30,77,7,1,9,537,3177,58,2404.24,4809.53
31,100,9,3,3,517,3503,66,1473.99,1141.15
32,39,13,4,3,940,5414,20,3107.84,5977.82
33,188,20,4,1,547,4509,37,802.05,1347.52
34,65,12,2,7,920,3354,35,4796.09,9493.37
35,297,12,4,4,778,2920,125,4263.07,4130.61
36,332,15,2,4,387,3163,55,1836.9,1660.26
37,230,9,5,4,596,4455,40,1582.35,3740.84
38,239,1,3,10,723,3318,59,3811.23,6319.37
39,92,2,4,7,407,2543,9,1475.68,1804.86
40,316,13,4,5,81,1111,16,2855.67,6128.89
41,270,6,5,2,680,4014,75,3284.91,5948.62
42,323,9,5,8,989,3469,25,106.0,114.03
43,27,4,1,7,233,5144,23,1646.91,3730.37
44,281,13,4,10,980,3369,55,3465.59,3043.81
45,46,12,2,8,126,674,18,3735.16,8383.31
46,32,20,1,4,398,4385,71,1628.81,1788.0
47,329,8,3,9,273,3355,7,1499.12,1069.93
48,147,6,5,7,870,3413,148,2805.88,5437.95
49,308,7,4,4,207,1149,23,355.97,277.07
50,111,19,5,8,733,1796,84,2985.52,6576.29
51,324,17,3,8,330,1970,32,735.99,968.19
52,294,17,3,10,503,4168,67,2917.21,4790.13
53,176,11,4,7,822,3524,108,3781.19,10652.99
54,84,3,1,10,927,4543,121,1323.41,3022.31
55,36,16,3,9,284,3769,36,3916.34,6547.56
56,73,19,1,6,362,3141,64,943.91,2608.1
57,296,10,4,3,364,4746,17,700.87,1032.95
58,309,14,2,4,508,1907,22,365.28,944.25
59,205,5,3,7,210,1552,12,4353.49,10786.96
60,74,19,5,7,235,2962,13,2652.34,4986.91
61,252,19,4,7,834,4082,118,1439.3,1105.47
62,190,18,3,10,794,2356,121,3768.87,5407.37
63,153,6,2,10,387,1475,10,1534.05,1048.8
64,228,17,4,7,984,3887,145,3357.36,3438.81
65,250,14,4,5,251,842,42,1388.8,2381.89
66,201,17,1,9,965,5727,157,4667.68,9423.59
67,311,20,4,4,971,3415,172,2778.64,7657.58
68,334,16,2,9,941,5461,99,2822.02,6082.73
69,59,15,2,3,801,4107,72,1243.12,1626.07
70,278,5,3,7,800,4211,18,2163.05,4972.99
71,293,13,3,8,559,1940,37,3028.2,8274.36
72,327,15,3,5,254,4480,48,1792.01,952.78
73,19,5,4,8,542,1823,58,2052.09,5494.84
74,150,1,1,8,384,4338,71,3921.87,3061.97
75,22,6,1,10,242,1213,24,2953.12,6437.48
76,204,12,5,5,411,2587,25,3089.06,5182.28
77,220,16,4,5,875,4379,27,2874.61,2220.85
78,365,8,5,2,917,4529,144,3519.97,10224.9
79,21,12,5,8,381,4748,69,4214.6,2698.6
80,155,6,5,4,815,3577,66,4794.29,7284.06
81,197,11,4,1,844,4041,15,2880.0,5678.56
82,239,18,2,1,273,3851,34,4582.06,4838.74
83,310,12,3,9,588,2106,102,3422.58,4193.77
84,365,4,4,3,307,3569,3,1582.99,3325.62
85,288,6,4,1,925,3561,43,1444.25,2877.33
86,65,6,5,6,833,5635,110,1949.57,5668.85
87,87,12,5,3,107,630,2,2104.38,1868.86
88,360,4,3,8,290,1724,29,3570.99,2676.04
89,352,2,2,2,99,2374,14,208.94,166.11
90,263,13,1,5,769,4755,121,525.5,1170.39
91,222,8,2,9,591,2154,24,3088.26,6679.42
92,107,19,1,5,215,2816,34,3940.85,8032.03
93,363,15,1,7,690,3673,50,4776.26,14248.1
94,74,18,2,9,442,4605,61,2352.78,6296.04
95,114,14,5,8,268,3113,17,3064.91,3388.18
96,1,12,4,2,365,2411,45,2791.07,4865.64
97,354,3,4,3,473,1028,37,1754.81,1560.68
98,96,18,3,6,635,5402,100,2116.99,2026.1
99,145,18,4,7,771,1516,97,2147.13,3002.84
100,135,12,2,8,603,1229,100,175.37,265.28
101,59,16,5,7,737,4089,31,2859.04,7005.78
102,65,19,3,2,954,5640,25,2419.72,4147.81
103,34,19,4,6,830,2208,56,3258.68,7686.4
104,3,20,2,10,275,3720,15,4300.4,7645.13
105,363,15,2,8,490,3484,57,2533.52,2725.17
106,113,20,2,8,457,4600,48,3550.12,2538.33
107,229,15,5,8,950,4156,103,4356.15,10205.08
108,136,7,1,5,914,2236,121,3748.81,8798.05
109,318,2,4,3,550,3399,97,4104.46,8278.26
110,24,20,1,4,154,3397,19,3709.26,7706.69
111,291,20,3,9,592,4588,107,1161.4,1195.16
112,219,7,5,5,190,3081,16,3493.04,2626.85
113,250,7,3,5,260,2780,13,2879.09,7307.76
114,265,7,2,7,986,4363,45,3422.68,5759.81
115,244,4,3,8,312,2242,12,1936.95,5618.99
116,34,13,2,10,411,2117,37,2110.53,5466.64
117,364,6,5,10,105,3882,13,1154.1,2640.83
118,181,18,2,10,898,4968,178,1055.94,1232.33
119,38,5,5,6,341,4722,44,1679.98,2562.05
120,321,18,1,3,744,1687,31,3030.36,7453.54
121,216,15,5,2,579,2324,66,1967.88,2763.7
122,141,7,3,7,925,2090,19,2660.56,1706.74
123,297,6,1,1,954,5377,100,496.04,421.39
124,49,6,4,6,421,4204,80,2112.39,4201.32
125,339,6,5,8,451,1637,13,1007.23,1988.98
126,260,6,5,8,305,2187,49,3730.1,10455.35
127,266,15,1,4,441,4453,71,4859.99,6643.16
128,243,9,1,5,142,664,6,3609.51,2395.0
129,293,5,5,4,471,2488,55,449.69,449.29
130,232,2,2,1,222,3628,33,4327.0,4349.25
131,14,18,5,7,157,3046,19,2385.11,4955.56
132,109,18,3,4,231,4743,37,2352.32,2241.98
133,226,12,1,3,362,3371,13,2899.46,6107.84
134,304,4,3,2,874,4638,139,4741.62,4998.8
135,66,12,4,10,607,2583,108,4415.86,11364.16
136,361,18,4,6,558,3572,104,548.4,327.92
137,246,11,1,10,525,4414,38,465.89,1279.2
138,40,9,4,2,437,4793,71,4636.6,11487.24
139,35,9,3,7,553,2683,61,611.01,1415.62
140,150,1,1,4,947,4868,149,304.6,184.71
141,66,7,5,4,180,3104,13,1803.15,2503.79
142,63,13,3,10,896,4056,136,3075.14,3396.39
143,174,3,4,6,358,5243,24,103.96,83.56
144,32,9,1,7,573,5407,104,4516.78,6653.17
145,359,5,1,1,344,2563,47,3754.89,2592.09
146,56,15,1,5,150,3167,25,2528.36,5751.1
147,180,8,5,7,823,4464,62,3778.2,3484.14
148,213,19,2,7,803,5377,97,3385.38,5226.68
149,297,10,1,9,745,1890,19,4303.64,12382.13
150,143,18,1,5,223,2970,19,3475.4,4378.05
151,218,20,1,6,853,3143,169,1573.44,2903.87
152,117,5,2,7,149,1402,3,572.28,489.32
153,355,12,4,3,624,4335,119,1376.81,3402.39
154,49,7,3,2,224,1970,38,2925.55,8234.98
155,325,14,4,1,668,4991,57,1319.63,2343.63
156,138,13,3,3,601,2442,119,1900.31,4275.59
157,152,14,4,2,792,2035,53,3383.08,3227.13
158,227,15,4,1,550,2772,79,3811.87,7204.05
159,353,3,2,1,76,2744,9,4301.49,6869.38
160,68,2,1,7,592,5504,72,878.62,1051.98
161,365,5,2,1,273,2411,16,1685.29,2998.34
162,58,2,3,3,206,4817,5,3616.19,7574.27
163,229,3,3,5,146,5039,7,1350.17,1528.64
164,207,18,3,1,801,2651,25,153.03,430.2
165,64,10,2,9,241,3273,11,3604.97,4345.14
166,181,11,1,9,350,4541,40,3823.92,2282.01
167,83,2,4,9,158,3087,19,4910.67,6079.52
168,50,2,5,3,971,3147,38,3693.29,5023.12
169,148,18,2,2,878,4396,38,3273.54,1886.66
170,206,11,2,3,624,3700,83,1844.63,5324.62
171,113,5,1,2,220,1917,31,4847.87,8443.2
172,185,13,4,3,621,1635,46,4231.72,10135.82
173,259,12,2,9,625,3848,17,2063.08,4594.23
174,34,2,1,9,109,2631,18,1915.06,2679.28
175,171,2,1,7,594,2230,76,2722.6,2401.71
176,174,18,2,1,883,5356,48,3402.38,2604.11
177,147,3,1,8,99,3780,18,4043.74,7818.18
178,231,2,3,4,332,4085,63,3683.47,4682.17
179,300,16,4,1,330,1522,48,3641.12,4618.12
180,198,9,1,7,611,5057,108,3802.14,4050.52
181,39,18,1,7,419,1560,23,1823.04,2222.78
182,127,3,3,5,392,3942,43,2559.6,5952.19
183,110,7,4,9,372,1980,23,2067.39,5181.92
184,8,3,4,5,196,1251,16,3641.51,5173.56
185,308,18,5,8,188,1695,35,2210.97,3886.61
186,212,9,1,1,59,2856,3,1419.87,2350.0
187,126,16,2,3,316,1394,11,1731.23,4761.98
188,37,18,1,5,477,4286,76,1280.69,1146.12
189,178,1,3,3,856,2117,90,1086.39,1449.37
190,52,20,4,4,112,2131,16,1984.95,1742.1
191,175,19,1,9,279,3311,15,4014.15,8602.4
192,187,15,4,5,938,5533,61,2090.5,3317.99
193,235,14,4,1,502,2701,94,253.49,380.55
194,164,19,4,6,739,3043,79,3964.74,6448.77
195,347,5,1,10,882,5042,12,4567.85,9200.33
196,77,12,1,4,491,5323,40,3251.35,2610.78
197,116,9,1,7,168,3379,5,2604.85,6150.09
198,241,16,2,7,215,3736,11,4689.09,5047.68
199,241,8,4,7,458,5284,63,3628.75,5639.09
200,273,20,3,3,662,4672,81,3598.9,6844.37
201,341,17,5,6,210,2688,16,4001.13,10080.29
202,163,6,5,5,959,4060,163,1422.48,3786.9
203,235,14,5,4,871,3977,96,4380.63,9219.64
204,35,9,4,10,673,3075,94,4256.84,6201.23
205,71,16,4,2,362,2332,26,664.2,823.6
206,355,5,3,4,997,1978,19,4330.17,6508.29
207,299,10,2,6,967,5362,178,4542.91,9003.24
208,24,19,2,7,223,1589,25,2419.54,2794.83
209,32,17,1,9,349,2798,25,2924.67,3474.26
210,338,11,5,10,89,835,4,2953.13,6693.48
211,88,5,1,7,782,3096,48,330.38,266.94
212,165,6,2,4,477,3208,42,2155.6,1116.55
213,312,5,5,5,362,3861,6,4176.3,3055.91
214,179,18,2,6,50,3958,4,2695.19,6913.93
215,41,6,4,2,769,4252,122,2145.01,3112.84
216,9,4,4,5,912,4605,79,3536.51,2957.34
217,73,12,2,7,917,5422,174,492.29,445.67
218,340,6,3,3,153,4036,6,4994.75,3000.62
219,77,20,3,10,744,5493,84,3623.06,7636.85
220,133,1,2,5,325,5206,42,4682.29,5468.39
221,348,14,3,2,396,4490,61,4732.43,10931.01
222,53,11,4,1,226,5004,5,1341.26,2365.41
223,239,17,2,3,987,4085,143,1886.76,3036.58
224,159,18,3,3,455,2049,64,4179.35,3096.26
225,187,12,3,6,999,3820,36,1379.74,2472.32
226,123,15,4,1,429,3453,56,4045.87,3144.05
227,153,12,5,2,290,1608,13,1943.69,4997.45
228,32,7,4,10,175,1568,24,2037.48,2374.44
229,32,8,1,3,481,1085,26,1619.68,2365.16
230,80,20,5,9,267,1143,5,357.94,546.93
231,342,11,2,2,485,1385,74,1151.22,1750.09
232,237,12,4,1,988,3923,80,182.28,178.07
233,6,4,2,2,542,2977,69,3385.69,2235.17
234,60,15,5,10,816,4639,104,4155.56,11633.59
235,78,13,2,8,963,2579,125,3438.16,2086.41
236,260,16,5,8,939,5437,128,1549.47,4632.35
237,287,8,4,5,522,3880,41,347.65,693.49
238,135,15,4,9,719,1645,25,1164.26,2173.76
239,310,13,3,7,668,4997,47,2643.2,3889.93
240,24,5,5,10,458,1351,83,2486.78,3240.73
241,133,11,1,5,87,4681,1,2069.64,5870.95
242,249,4,5,4,887,3329,129,3326.67,9763.89
243,136,12,5,7,674,4282,27,4924.97,5349.32
244,223,7,4,8,371,1466,73,4365.21,4485.36
245,11,8,2,4,369,3079,24,1342.76,1130.28
246,225,4,4,10,78,1676,7,1369.17,1510.85
247,300,1,2,1,125,2373,20,705.66,1916.49
248,358,13,2,1,774,2573,125,556.26,971.35
249,19,4,4,8,978,5599,130,4412.97,10189.08
250,219,1,4,1,298,5062,37,1214.42,3481.76
251,77,17,4,6,685,4162,64,1329.51,1632.73
252,162,14,4,7,123,4240,11,2915.32,4349.41
253,309,7,4,9,905,2359,92,3008.95,1753.57
254,227,19,5,2,628,2778,18,4355.14,7313.97
255,155,3,1,3,846,5603,36,4092.63,8798.54
256,187,7,5,2,990,3227,175,142.06,77.53
257,344,15,2,10,595,3107,27,4615.49,3497.39
258,300,17,4,6,471,1969,56,3053.51,3776.45
259,175,1,1,9,79,4973,6,2299.31,4329.98
260,68,9,1,1,359,3712,9,4158.18,10684.01
261,333,15,1,1,176,1385,27,2250.23,4134.41
262,1,3,2,8,599,2136,108,316.44,940.46
263,353,20,2,3,424,4714,54,1553.02,1280.24
264,9,20,2,1,122,4083,5,2281.21,3102.69
265,68,19,1,3,692,1666,107,1522.72,1162.74
266,188,14,5,10,755,2899,135,4976.26,6676.7
267,117,13,3,5,350,1370,68,3614.18,3815.56
268,340,4,5,7,618,4149,87,2190.03,4850.45
269,193,19,2,3,885,5700,77,1101.83,1644.84
270,31,19,5,2,960,5081,99,2521.06,6424.22
271,41,19,4,4,366,3223,20,430.27,790.76
272,265,7,2,4,444,1555,83,2522.3,2271.63
273,193,10,4,9,217,1536,14,3352.56,8149.85
274,286,19,2,3,413,2786,40,3293.2,9041.74
275,41,18,2,2,644,4160,122,4133.16,7212.44
276,327,15,4,7,129,1878,24,1382.24,2509.2
277,208,10,5,2,258,2360,22,4474.77,5016.49
278,240,10,3,5,590,2852,88,357.47,1069.07
279,59,16,4,6,860,3596,111,3661.2,6135.84
280,140,2,3,5,683,2340,62,2322.01,3749.11
281,363,18,1,10,942,4248,46,3285.76,3628.26
282,162,13,5,5,515,5079,30,2052.72,1546.71
283,94,13,5,10,245,3876,33,2320.17,5842.81
284,8,2,1,4,337,4034,53,4047.31,5092.87
285,356,17,2,1,683,2467,75,2116.25,3402.41
286,12,1,5,6,942,4007,165,2219.54,3878.23
287,170,16,3,7,719,3878,120,485.54,714.74
288,310,16,4,2,767,4846,12,2466.96,6868.07
289,274,9,5,10,498,1715,9,870.78,1082.71
290,352,15,2,10,565,3363,27,2535.64,6289.73
291,323,5,5,7,231,1830,30,3336.88,8541.97
292,221,13,3,9,143,3474,17,125.73,81.99
293,143,5,1,5,416,4321,70,382.45,660.37
294,282,16,5,9,170,1938,8,1418.65,816.48
295,46,1,1,1,946,5682,184,4724.43,8597.99
296,104,9,2,3,345,4613,67,682.75,1969.72
297,238,16,4,8,536,2676,94,535.73,1590.84
298,335,5,1,5,638,2770,34,446.12,615.73
299,181,5,5,3,423,5203,39,1383.21,3409.93
300,317,8,1,10,604,2368,88,4567.94,2285.67
301,150,11,2,5,926,3464,161,3737.73,4828.67
302,6,9,5,3,404,3753,27,3930.04,3744.98
303,153,9,5,4,704,2500,121,3652.21,4419.87
304,144,1,4,8,849,3709,62,3970.41,2009.03
305,301,3,1,3,864,5862,156,1240.9,1606.81
306,205,15,1,9,481,4521,82,3380.02,6026.32
307,308,5,1,5,843,1781,148,4493.33,5620.48
308,285,6,1,7,737,3563,140,3012.18,4522.81
309,360,7,2,8,183,4338,21,4396.57,9639.84
310,270,15,2,2,919,5842,149,3797.13,2524.15
311,113,19,1,3,397,4210,56,781.53,2223.31
312,5,11,3,1,447,5128,80,1119.93,1764.78
313,250,13,4,4,659,4390,12,4629.78,10856.11
314,88,19,3,3,389,1785,7,4291.63,3995.95
315,161,1,5,8,569,4812,20,4925.76,11393.5
316,210,18,2,4,404,2681,38,3197.38,7951.72
317,57,13,3,1,942,2868,163,594.32,808.1
318,249,1,2,6,417,4564,15,2923.28,4911.66
319,351,19,4,4,511,3820,41,3134.86,4598.4
320,117,19,4,9,67,4636,4,1282.23,1840.73
321,20,14,4,4,489,3814,13,3414.83,2110.07
322,16,4,1,7,194,2907,24,1067.93,1443.19
323,339,2,3,1,895,3447,95,2994.02,1945.1
324,346,4,1,6,426,3579,40,2835.13,5717.1
325,234,17,3,8,445,4630,34,4772.15,7456.71
326,152,18,5,8,461,2496,87,2490.56,3117.12
327,103,13,5,4,650,2849,37,1231.85,2325.88
328,332,11,1,5,376,4268,61,905.67,1825.91
329,117,13,2,2,769,5073,90,4423.78,12721.52
330,32,19,5,7,886,2562,117,155.85,263.48
331,153,17,3,6,281,2444,50,2588.65,4652.63
332,93,8,4,4,930,3008,94,2815.26,7063.89
333,119,3,4,2,993,2210,54,3749.93,7885.19
334,263,17,4,9,427,2949,48,664.58,1672.51
335,216,16,3,2,496,1185,86,2887.8,6168.84
336,20,8,1,10,436,1926,39,1773.55,3876.01
337,114,18,3,1,867,5093,109,1737.93,2426.45
338,70,15,3,7,831,2513,157,3624.68,4923.53
339,251,6,4,1,240,3672,37,139.34,257.22
340,9,18,5,8,718,1281,101,2418.71,2699.3
341,352,7,2,9,147,3979,25,1309.27,3146.06
342,50,10,5,8,963,1879,168,447.49,1303.05
343,88,12,4,7,238,4781,24,4693.22,12797.06
344,85,13,4,6,702,3179,133,1277.2,3500.47
345,17,9,3,6,630,2440,78,2767.82,3442.6
346,84,18,1,9,409,3217,55,3692.41,5930.83
347,178,9,2,9,730,2741,20,3349.91,2284.41
348,254,17,2,8,833,5093,74,104.64,144.12
349,270,19,1,10,799,4332,96,3659.1,9491.65
350,244,15,1,3,183,2649,28,4587.34,8342.37
351,196,17,2,2,74,2061,11,4952.07,14033.3
352,86,20,3,4,711,1499,31,1067.35,1464.12
353,294,6,4,6,999,4653,93,4253.81,12528.16
354,95,17,4,4,796,1764,126,2015.26,5052.04
355,166,17,5,2,430,2873,70,4813.87,12732.98
356,246,8,2,6,534,4603,99,479.81,665.84
357,228,16,3,1,947,2931,113,4161.76,8207.89
358,9,17,1,10,265,1749,23,4714.53,4643.39
359,130,20,5,1,779,3543,24,3103.37,3053.5
360,363,9,3,7,254,2708,7,278.68,625.36
361,157,9,2,1,537,2229,106,3873.03,4698.96
362,332,2,1,8,859,1654,65,1294.04,1494.2
363,325,12,5,1,658,1245,22,515.82,992.87
364,260,6,3,10,281,2676,40,3519.16,7763.29
365,5,5,2,3,343,5168,6,3675.86,2883.06
366,255,13,1,2,160,5089,20,3998.9,5162.15
367,223,14,2,7,646,3533,72,1725.46,1845.48
368,341,19,1,8,782,1957,58,4088.1,11729.35
369,305,2,4,1,721,2923,52,1068.53,1769.88
370,13,4,4,5,604,2042,65,3457.42,7241.3
371,66,8,3,7,653,4363,126,3427.25,2494.82
372,81,11,5,7,714,2797,68,1572.29,2102.9
373,258,5,4,2,939,3360,140,1928.26,4739.59
374,137,10,4,10,826,3030,69,3599.54,2951.02
375,66,6,2,5,582,3936,72,4053.3,10182.99
376,163,12,3,6,899,3153,89,3833.05,9759.45
377,267,20,5,2,584,2695,17,2459.76,1599.64
378,37,19,3,1,272,5036,12,650.44,641.81
379,157,6,1,5,725,2975,51,3288.06,2395.74
380,362,18,1,3,191,883,14,1813.68,1699.15
381,254,3,2,1,968,4646,72,3358.57,4751.62
382,141,2,1,1,966,2858,40,447.65,579.36
383,191,14,2,9,713,4143,33,3147.01,3427.02
384,363,18,3,6,64,2066,4,4511.4,9402.32
385,321,14,5,3,772,3293,129,1546.48,951.06
386,277,14,4,2,354,1259,36,4298.7,7949.78
387,272,10,3,6,319,1551,7,3195.94,2852.23
388,181,1,4,1,505,4577,68,3636.69,7918.16
389,130,16,3,6,447,2363,29,4615.38,8506.05
390,234,20,4,2,257,4318,30,2011.51,3424.95
391,244,19,1,4,207,1971,8,867.59,1250.75
392,219,11,4,7,68,1824,1,2915.07,3816.67
393,241,17,4,10,493,4847,87,2992.82,4475.15
394,247,16,4,5,372,3259,66,1554.5,3077.64
395,127,6,1,7,790,1558,86,3918.22,2518.48
396,184,14,4,4,328,2324,29,2746.21,5283.33
397,153,2,4,8,773,2693,71,613.33,1295.4
398,132,17,2,7,642,5538,108,1887.44,4425.19
399,17,10,3,10,491,3543,11,2207.0,1703.56
400,104,17,2,9,387,3785,59,2067.21,3948.09
401,285,15,3,4,352,3144,33,3802.35,3191.64
402,39,12,5,5,424,1249,17,2888.14,3304.9
403,176,15,2,7,397,4327,38,2275.78,5296.56
404,26,6,1,6,837,5207,82,124.68,221.46
405,229,16,4,8,747,2497,133,3180.9,2404.81
406,249,7,3,2,968,5440,124,4321.37,8191.22
407,192,6,2,9,294,2961,47,2435.48,5378.69
408,114,12,5,9,698,4854,59,3783.51,6390.81
409,55,11,5,3,954,5465,21,4689.43,4698.8
410,288,10,5,10,72,2882,14,2320.81,6367.36
411,291,18,3,8,172,1862,3,483.37,694.59
412,315,1,5,4,747,3996,7,2823.78,6129.58
413,201,8,1,2,763,3264,22,3097.05,4679.83
414,214,5,4,7,727,5718,123,2567.18,7228.3
415,1,18,2,3,378,4869,11,4160.1,6657.11
416,310,5,1,1,104,4093,9,4385.14,3842.07
417,349,8,1,8,485,3886,26,1647.91,1298.13
418,121,18,4,7,102,3793,8,3722.79,6659.8
419,209,15,4,10,404,5295,64,2550.1,5172.49
420,68,7,4,6,368,2877,57,3838.27,6580.86
421,11,17,1,4,700,2463,106,2149.86,5544.29
422,51,18,2,7,464,1371,20,1035.69,1327.93
423,23,10,2,9,821,4810,75,4525.93,12544.86
424,266,1,5,5,136,3090,7,2874.87,1552.57
425,184,18,3,7,938,5138,52,2567.06,6599.08
426,278,11,2,5,280,3513,30,3586.19,3733.09
427,267,14,4,2,469,5366,7,1021.79,2047.98
428,20,2,4,5,72,4615,8,3975.87,3141.26
429,26,10,1,9,675,2515,115,1262.72,713.35
430,164,6,5,5,66,3313,4,4832.7,7611.79
431,133,12,3,7,640,1239,37,1770.4,1798.32
432,54,7,4,3,78,1584,7,3770.14,8539.22
433,218,3,4,10,148,1895,5,864.36,2396.18
434,33,13,4,3,860,2720,15,2588.98,2025.98
435,199,19,5,6,136,4650,12,3616.33,10669.3
436,171,18,4,4,346,4805,5,2789.76,7310.75
437,132,20,3,4,50,1889,1,3634.4,8457.75
438,132,5,3,5,135,3169,10,515.22,1239.32
439,130,9,1,7,157,4571,28,4655.38,6931.96
440,203,16,3,4,93,4024,3,4254.33,8048.0
441,63,8,4,7,952,2805,22,2119.66,1685.49
442,266,14,3,10,385,4477,15,2198.05,1626.04
443,174,3,3,5,396,2988,68,1325.17,3513.08
444,99,3,2,4,194,4455,18,4448.98,6408.02
445,57,11,4,5,152,2265,7,2931.6,5586.41
446,1,2,5,5,527,2165,7,4270.06,6113.28
447,191,5,3,3,935,2449,22,3975.44,4375.76
448,253,7,1,5,998,2672,153,3158.23,4291.48
449,146,12,2,6,356,3642,18,2112.52,5732.13
450,363,18,1,2,961,2345,11,788.98,1029.89
451,77,14,2,3,355,5250,25,1219.05,2863.56
452,28,6,5,1,185,4222,27,809.91,1913.38
453,359,2,2,8,782,1495,33,1455.98,2315.13
454,359,20,2,3,502,4034,71,1346.52,2391.67
455,337,14,2,1,616,2157,102,3370.37,2249.35
456,110,19,4,2,713,4231,8,1315.06,3581.14
457,307,2,5,10,887,4048,81,138.42,358.18
458,263,6,3,6,688,2483,50,668.36,1567.75
459,149,10,5,3,148,4066,28,3171.13,9115.86
460,75,7,1,8,783,4247,151,3875.49,9629.59
461,287,8,5,6,915,4409,129,4555.89,11471.23
462,179,10,5,5,600,3998,95,1690.05,1736.17
463,65,7,3,9,639,2577,119,3245.98,4800.19
464,259,9,1,3,104,3018,14,395.42,1168.53
465,30,17,3,7,921,1424,45,2812.37,7385.72
466,13,16,2,4,689,4066,88,192.13,269.5
467,226,13,1,1,832,1486,26,466.12,876.96
468,304,3,3,6,708,3585,75,4641.01,12633.03
469,237,15,2,7,768,5209,151,125.49,267.2
470,231,5,1,10,273,4444,34,1104.62,1029.77
471,55,13,2,3,889,4603,131,1464.87,3650.26
472,4,4,1,9,974,2505,56,1198.78,904.39
473,71,6,3,4,231,1195,7,4143.54,10119.62
474,211,20,3,8,218,2058,27,3406.42,8926.04
475,242,15,5,1,311,2794,39,4468.9,11908.48
476,108,19,2,6,578,5190,74,4778.29,5638.63
477,348,9,5,2,972,5821,63,666.16,1016.56
478,317,10,3,5,284,3167,56,659.84,1622.27
479,6,13,4,6,887,2620,18,1079.49,1421.94
480,319,12,5,10,877,2602,156,689.45,484.2
481,252,12,1,6,127,2375,10,2609.91,2863.92
482,164,16,1,5,624,5235,11,2311.18,6168.03
483,230,9,5,1,641,2132,16,3150.21,8427.11
484,17,6,4,5,635,4178,120,2240.61,4396.0
485,36,6,4,8,953,2755,98,2275.06,1548.68
486,116,16,1,3,500,1447,45,1702.7,4320.47
487,130,15,2,2,877,5023,15,4921.35,5426.01
488,210,10,4,9,652,1477,7,757.78,418.07
489,333,1,3,6,697,5324,122,3808.31,9850.76
490,296,5,2,1,435,3291,63,1176.44,3284.4
491,118,15,5,4,723,5626,22,582.25,1122.21
492,21,17,2,9,862,3104,35,818.36,1364.54
493,198,14,4,7,820,3136,128,4274.48,10683.93
494,80,1,2,6,556,3923,20,2245.79,5235.18
495,149,14,3,4,383,3901,47,3830.21,9001.49
496,286,5,1,2,298,3745,55,348.32,725.07
497,197,7,2,1,461,4329,77,3416.02,4446.37
498,4,8,3,3,632,3014,97,1786.65,2655.64
499,320,6,3,5,883,2131,139,1147.5,1474.94
500,288,15,2,9,297,2413,21,391.63,894.13
501,124,2,4,1,214,1974,23,3288.25,3067.83
502,70,11,5,8,86,847,4,4326.97,6766.68
503,37,7,3,1,587,5424,89,1068.25,2298.17
504,94,19,1,5,58,2686,6,4846.23,11473.09
505,311,8,4,8,839,5379,68,618.65,884.33
506,309,8,2,4,160,2480,2,4203.4,7078.73
507,280,7,4,10,882,2156,16,401.45,557.99
508,219,7,1,1,953,3885,115,3513.22,3528.56
509,195,2,2,2,610,5262,16,3840.34,8529.61
510,210,15,3,8,374,2993,50,1655.22,2450.82
511,316,15,3,2,234,911,39,2841.39,5164.63
512,346,5,1,6,479,3499,25,1777.75,2437.44
513,166,18,2,4,996,2260,45,748.16,1791.28
514,283,8,5,1,653,2812,80,4379.07,7146.0
515,160,2,5,10,476,3625,42,4808.3,9670.79
516,234,12,2,7,956,2395,51,3074.01,2176.99
517,277,2,1,9,900,4368,20,4883.87,3859.05
518,49,4,3,9,470,2389,18,599.06,1254.57
519,228,14,4,6,991,5775,34,4926.02,5063.44
520,66,5,4,4,586,2386,15,2092.18,2590.98
521,330,10,5,2,418,1249,59,1895.39,4892.96
522,344,6,5,6,998,4316,40,3403.46,7014.01
523,172,8,3,5,759,3902,8,3285.43,2459.32
524,200,17,4,7,882,3615,41,561.82,1358.71
525,24,11,1,7,121,1726,16,4623.84,9550.4
526,13,7,3,9,76,2722,5,609.72,1466.8
527,362,3,3,9,488,3523,22,3888.19,9654.73
528,136,19,4,6,613,3534,110,936.82,1576.24
529,118,2,4,9,511,1776,75,1471.0,1902.91
530,106,15,3,1,481,1633,13,3598.14,5367.7
531,48,1,4,4,300,4144,17,986.29,1379.02
532,25,4,5,1,837,4515,122,559.98,1184.64
533,192,12,1,4,64,3534,12,4780.95,10295.69
534,343,9,3,5,412,963,22,909.37,2416.92
535,68,15,2,8,776,2218,150,4278.92,11487.75
536,66,13,3,9,181,4379,21,3073.33,4286.44
537,179,19,5,9,751,2910,132,3464.21,7495.62
538,320,16,2,3,739,4711,98,397.63,292.35
539,114,1,1,8,640,1358,103,4962.13,10504.84
540,232,17,3,10,648,5599,25,2411.33,3846.29
541,77,6,5,1,846,1688,32,2876.91,2619.44
542,119,17,2,5,75,4860,10,4115.88,7961.53
543,134,6,2,7,763,3739,76,4483.38,8303.59
544,244,6,4,5,261,2244,47,4660.58,7961.99
545,256,19,1,10,492,5072,67,4052.75,7971.49
546,332,9,3,4,113,3516,1,3508.79,8277.99
547,229,15,4,6,443,2491,75,814.08,846.15
548,197,13,2,8,379,4215,54,304.2,322.39
549,108,4,3,9,955,1645,85,3874.46,2863.07
550,63,6,2,4,532,1515,50,947.28,1279.34
551,249,11,2,5,962,5410,87,2400.68,4701.92
552,179,11,5,5,547,1790,94,2145.69,5970.79
553,159,15,4,5,85,2905,3,4112.79,4059.78
554,171,1,4,3,739,2858,146,4769.26,4359.0
555,291,14,5,1,881,3118,113,1086.47,2636.85
556,239,9,5,4,266,3374,17,3634.17,7885.95
557,315,15,3,3,435,4623,20,4910.58,6349.5
558,234,3,1,10,503,1146,67,2527.64,7264.17
559,128,12,5,1,517,2977,55,1071.22,764.12
560,251,5,3,2,100,1050,5,3487.34,5424.31
561,309,11,5,1,583,4327,82,869.1,1693.78
562,281,1,2,2,833,4679,11,2557.39,5578.53
563,36,2,5,3,979,2960,112,2699.12,6702.9
564,317,14,5,6,242,1651,30,2269.6,4745.65
565,166,13,1,6,707,3864,75,4225.53,10524.21
566,100,2,5,5,411,946,13,1879.49,1920.75
567,294,7,3,6,787,4673,23,4807.97,2504.67
568,262,3,5,9,67,1013,11,4462.36,10700.75
569,160,1,5,6,787,2725,115,714.77,990.16
570,73,1,4,4,217,3985,37,2940.51,6452.11
571,138,19,3,3,86,3886,0,4521.49,2742.74
572,218,7,5,6,799,1707,72,2299.15,1946.68
573,306,15,1,3,809,4551,32,1029.37,1039.79
574,38,7,3,7,431,2668,57,131.15,173.76
575,248,3,3,10,842,3291,13,2230.06,1259.91
576,163,7,3,2,251,3227,5,4953.09,14193.58
577,19,14,3,1,805,1755,133,3746.25,4449.66
578,66,18,5,2,65,2933,3,3902.92,7658.13
579,57,9,4,10,71,3342,3,1693.44,2058.91
580,154,17,4,4,239,5112,37,2862.34,2462.31
581,330,14,3,9,198,2732,36,3126.81,4921.09
582,231,19,5,6,281,1262,29,1866.12,5569.84
583,293,2,4,3,629,4789,40,521.19,998.89
584,278,4,4,2,988,3957,78,2256.99,4467.5
585,183,1,3,2,417,2550,12,3956.84,4251.22
586,68,17,2,8,938,3098,140,4376.77,3494.12
587,356,3,4,2,534,4315,98,2361.15,6929.6
588,225,3,4,8,291,2356,6,3740.23,3667.65
589,359,20,2,10,992,2685,134,1335.37,3819.97
590,136,9,3,6,915,2426,176,3109.47,2945.39
591,117,17,2,7,132,1861,22,2649.05,1764.2
592,234,17,4,8,50,4707,8,2353.48,1445.95
593,338,1,1,5,588,2366,17,1408.77,4167.95
594,121,13,4,4,268,4390,9,1188.69,1637.22
595,193,9,1,8,876,3789,131,3977.92,5744.15
596,46,17,2,9,964,2339,130,1883.01,3179.48
597,55,20,3,9,831,4884,147,1941.0,5416.7
598,31,12,5,1,243,3238,14,3396.99,5836.64
599,363,5,1,7,936,5127,181,3193.41,8728.28
600,250,16,5,8,913,4447,178,4954.71,6050.51
601,39,5,5,5,315,2634,28,1617.57,1154.73
602,227,5,1,2,226,3501,12,1187.86,2302.24
603,74,16,3,4,439,1198,46,2790.91,3456.43
604,247,18,2,10,796,3364,39,262.29,279.98
605,93,7,3,2,474,2453,52,465.97,567.39
606,235,3,5,3,76,4842,3,838.26,1780.31
607,332,7,4,2,288,4449,17,3333.67,9166.57
608,53,16,3,2,748,4743,122,306.91,899.79
609,50,19,2,2,75,3394,7,3783.5,9763.81
610,145,8,5,8,758,3815,52,1781.18,3745.71
611,263,15,2,9,241,3650,13,4562.35,10049.98
612,202,14,5,2,913,2175,13,2827.73,5422.96
613,82,17,2,4,911,3170,95,1475.86,841.91
614,350,12,1,1,315,1194,31,169.98,476.7
615,289,16,1,3,942,3785,11,1054.91,1135.41
616,62,5,3,1,681,3618,64,2437.11,4681.15
617,280,4,1,1,406,1615,28,2510.34,6859.65
618,279,5,3,6,891,2376,154,2188.69,2394.52
619,12,5,4,4,489,3104,77,2504.14,4149.16
620,310,14,1,8,890,4181,142,3463.97,5010.6
621,150,3,1,3,215,1672,42,4088.76,9161.18
622,93,6,5,8,728,2939,9,1919.67,4351.89
623,231,6,1,1,886,3764,132,1272.65,3781.64
624,224,11,1,2,281,3007,14,4270.28,2499.01
625,89,6,2,8,968,1893,80,1131.44,942.66
626,170,10,5,3,624,3092,94,1265.91,2015.41
627,352,12,5,2,504,4558,32,694.68,1462.56
628,34,10,1,4,499,4111,55,4747.52,9463.6
629,162,1,3,4,841,4002,163,533.36,328.51
630,296,4,5,5,509,3869,51,3359.53,6376.86
631,287,16,5,1,389,1044,64,4011.38,8044.04
632,69,7,2,6,846,1449,64,1463.03,3092.3
633,312,11,4,2,910,2385,181,3582.18,5127.69
634,152,18,3,4,716,3083,97,1074.94,2047.84
635,97,13,4,7,78,3387,14,3803.33,2413.12
636,338,15,5,5,648,4562,11,2400.36,2751.87
637,271,3,2,4,251,2359,49,4917.01,6936.12
638,36,3,3,4,958,2150,165,2576.25,5234.23
639,21,16,4,6,390,4619,43,1706.39,2129.49
640,82,3,5,9,146,744,15,2255.42,3259.8
641,65,13,1,3,155,1147,19,2844.27,5024.0
642,206,5,4,9,575,3548,111,2348.5,2323.07
643,111,2,2,5,570,5516,38,3899.05,3864.12
644,89,5,4,10,507,3172,99,1603.97,3718.57
645,29,10,3,10,303,1964,46,2713.86,6170.64
646,64,6,4,6,196,2243,23,4325.48,8350.5
647,287,1,2,4,490,4519,19,2977.22,6713.48
648,137,13,3,4,270,3740,34,2263.66,4311.96
649,47,11,4,6,419,2297,57,3750.96,6212.26
650,48,20,4,8,191,2641,12,2635.14,5787.05
651,83,17,4,1,989,4738,19,1663.21,2980.19
652,336,11,2,8,737,5558,39,1330.8,2483.18
653,24,19,4,6,378,4774,45,3338.74,2223.48
654,79,3,5,3,412,1035,66,123.83,249.71
655,14,17,4,7,970,3024,167,2871.21,8451.25
656,16,6,5,2,826,1609,56,2080.13,4090.56
657,340,18,4,9,864,3531,155,4781.48,9578.08
658,307,11,1,2,254,924,4,4003.51,11909.18
659,224,15,5,8,426,5386,66,133.94,348.27
660,232,7,5,3,111,1679,15,2835.65,7252.32
661,151,13,4,9,867,2131,61,2503.42,6403.54
662,12,16,1,9,522,2154,92,2487.87,6577.87
663,161,15,2,3,257,1233,50,4205.36,2263.58
664,171,8,2,2,289,2250,36,1824.56,3622.37
665,166,13,2,7,123,2151,22,518.15,1258.39
666,226,3,1,7,520,4703,71,3749.48,3287.77
667,260,2,4,9,787,2407,152,1960.29,2400.3
668,6,1,4,9,135,4858,7,102.07,283.9
669,249,3,4,2,813,1466,145,2793.16,4110.16
670,240,10,4,3,510,2530,53,4644.95,3906.37
671,126,6,4,1,214,1748,8,4721.45,13178.44
672,240,13,3,4,614,1397,116,4610.72,6579.91
673,226,16,5,7,946,3089,173,4319.03,10705.4
674,60,6,2,1,455,3445,56,3823.22,11364.03
675,239,19,3,6,865,1484,71,4417.72,6151.29
676,162,14,4,1,203,5006,10,2950.13,5580.95
677,177,9,3,7,315,5197,5,3695.3,5889.65
678,70,18,2,2,454,3098,23,3992.33,5075.16
679,193,18,4,8,971,4009,65,2980.23,2632.59
680,126,13,3,3,664,1217,78,326.49,170.31
681,210,2,3,5,111,4408,20,3449.03,3756.33
682,286,20,5,4,167,4626,5,408.2,927.04
683,65,15,1,3,96,3391,17,4885.71,11130.92
684,277,6,1,9,998,4310,12,2264.35,3938.03
685,97,14,1,7,348,1906,11,3538.07,4595.44
686,42,14,1,6,993,3567,99,1027.23,2125.87
687,32,18,3,9,811,4023,30,607.62,1170.28
688,81,14,1,5,167,1227,19,1297.34,3341.59
689,271,6,5,7,630,5550,60,1716.88,2233.22
690,79,4,4,3,517,4003,60,3164.97,5769.3
691,127,11,4,2,625,1131,111,319.61,431.92
692,315,4,3,5,662,3598,47,4539.17,3796.83
693,65,19,3,6,414,1337,75,1647.93,1251.0
694,200,9,2,8,787,2830,15,121.37,333.99
695,113,11,3,1,872,2408,31,4356.28,8518.13
696,295,10,5,5,600,3332,20,4695.12,9625.03
697,359,19,3,6,153,3689,21,1793.74,4545.04
698,288,4,4,7,742,4408,78,2734.15,2544.64
699,249,19,2,10,634,2131,122,2567.25,1724.62
700,178,4,1,3,791,1755,99,1339.24,2602.82
701,197,18,4,9,105,2208,13,2942.33,5679.45
702,117,13,3,6,124,1528,6,2638.67,6778.57
703,224,3,3,7,672,5156,86,3163.53,4229.21
704,15,8,2,3,751,2637,125,2352.47,6945.56
705,79,1,4,3,260,4973,14,4480.48,5211.46
706,141,18,2,7,305,1760,39,2101.29,1473.98
707,252,5,3,5,483,5422,41,3327.17,5966.0
708,196,9,4,2,197,1534,19,3749.57,3151.02
709,110,19,5,10,72,1134,8,4046.22,3232.43
710,364,12,3,4,835,2591,123,4104.65,8357.44
711,332,13,4,1,160,2201,12,4973.13,4572.12
712,175,19,3,9,229,2311,31,2491.21,2950.36
713,112,15,2,2,740,2548,129,3962.25,9656.85
714,123,16,3,3,349,3511,59,4968.08,8944.06
715,41,1,5,7,399,2250,66,4376.81,3091.87
716,87,7,3,7,731,2112,9,2188.09,1112.17
717,302,10,1,1,861,2722,162,3877.17,2805.18
718,73,10,3,5,625,3077,90,1406.43,4183.97
719,229,9,3,3,688,3009,28,4481.99,8103.23
720,21,1,2,9,132,4273,1,3813.22,5462.09
721,10,10,3,7,131,4196,15,3722.66,3792.55
722,139,2,4,3,897,2799,58,3614.97,10048.82
723,215,3,3,9,499,3413,27,2465.46,2300.28
724,159,12,5,9,285,3890,5,870.71,1257.75
725,66,6,2,4,685,2410,53,2469.48,4836.42
726,111,2,1,4,282,3794,21,4814.78,13092.52
727,5,19,1,8,536,3494,27,3882.17,8763.67
728,170,19,4,1,153,3599,25,901.18,987.41
729,347,10,1,4,904,1761,38,3398.57,4823.19
730,190,3,3,9,847,1820,168,2725.23,6807.19
731,276,17,5,7,75,762,3,4987.66,9821.34
732,50,3,3,9,975,4037,176,4023.83,3129.01
733,12,9,5,5,126,4260,18,3890.87,9935.35
734,157,20,4,5,186,2196,22,149.74,400.96
735,246,18,2,8,167,4049,27,2064.16,3375.75
736,158,3,4,2,212,917,27,1428.63,4123.47
737,327,2,4,5,953,5273,178,2853.36,7054.24
738,324,7,5,3,299,4048,23,4520.19,6847.19
739,128,10,1,6,288,5278,45,2202.65,5145.79
740,92,1,1,6,855,3483,147,2988.59,6018.83
741,272,5,4,3,843,2366,90,4554.93,4702.96
742,211,15,3,5,820,5701,86,505.08,744.82
743,363,6,1,9,515,4747,18,326.02,222.02
744,223,9,5,5,260,3452,40,1250.58,1890.46
745,330,17,3,9,174,3483,22,3787.47,6378.24
746,117,17,1,8,82,2541,12,4263.3,9521.85
747,75,13,2,10,193,1236,17,2424.44,7272.66
748,272,3,5,2,119,2886,5,1821.74,1304.03
749,143,1,2,6,406,2382,38,1170.39,1407.9
750,19,1,4,1,370,2501,23,4387.82,12878.91
751,320,19,2,3,972,1956,11,4616.39,6308.43
752,255,5,3,1,796,2327,68,3679.1,7937.68
753,303,13,4,7,141,3541,23,1317.85,1198.75
754,326,8,5,9,667,4249,115,3013.29,6949.48
755,198,16,1,8,260,3407,47,4192.65,6980.05
756,77,3,1,6,837,5096,144,2395.01,5510.48
757,261,14,2,8,452,4186,48,2995.8,6059.27
758,179,19,3,4,514,3786,37,2735.97,3511.77
759,338,4,1,5,244,2540,19,4938.09,8149.45
760,285,1,2,3,615,5613,49,3405.55,6096.78
761,227,11,3,1,500,2082,40,268.27,168.86
762,341,2,4,10,386,2401,50,3728.89,5856.79
763,21,13,1,2,524,3432,83,687.28,905.3
764,139,7,1,1,50,1719,8,2073.5,1037.47
765,134,11,1,6,338,5274,24,4405.86,9331.08
766,48,4,1,4,850,1914,141,4422.91,3996.77
767,240,16,3,3,408,4682,24,4965.31,10184.49
768,114,13,5,10,273,3728,11,3028.85,2594.08
769,157,19,2,6,361,5152,57,2758.61,3645.61
770,99,19,1,9,371,2046,36,1440.4,2106.94
771,129,13,3,4,269,3998,18,853.32,2486.33
772,231,1,1,2,641,1224,67,1593.69,2313.13
773,288,4,3,4,439,3670,60,1045.56,1189.41
774,65,14,5,2,369,2661,6,3306.16,2068.99
775,101,6,3,3,958,4211,74,2117.64,1573.34
776,13,14,1,6,785,4255,66,3385.39,9424.09
777,44,14,2,5,136,3020,2,4531.32,9825.59
778,288,15,3,5,499,2570,6,2052.29,2851.78
779,15,4,2,10,316,5211,38,1549.97,4276.36
780,284,12,5,9,588,4907,12,2129.48,6301.85
781,362,3,1,10,561,4766,93,2080.65,4159.76
782,53,9,5,4,737,1357,17,2872.69,5000.17
783,245,11,5,6,221,2933,32,3485.87,7653.43
784,295,5,1,1,843,5730,108,2238.78,3933.23
785,253,14,3,5,815,4542,121,2036.03,6104.38
786,301,1,4,8,745,1741,143,4175.8,7030.64
787,273,2,2,10,404,1900,57,4926.07,14080.91
788,142,16,3,8,169,2835,2,4379.79,6025.54
789,24,5,1,7,701,4769,61,2469.98,5903.46
790,283,10,5,6,891,5333,84,2900.67,8080.39
791,283,17,4,8,630,1897,103,1010.55,1730.2
792,207,2,4,4,442,5433,29,1045.28,2442.51
793,2,11,2,9,512,4150,74,4192.39,7374.01
794,32,2,3,3,511,2986,72,618.32,1262.55
795,83,16,1,6,312,5211,21,570.23,596.74
796,14,20,2,4,842,5285,155,1534.59,2742.52
797,201,8,5,1,338,1254,61,3960.49,9705.54
798,318,19,5,1,987,4245,172,852.76,2523.74
799,343,17,4,6,556,5078,24,1932.04,4885.71
800,92,19,5,9,502,4154,90,1420.27,3010.99
801,64,1,1,5,478,3619,84,2682.97,3031.99
802,9,4,3,9,820,3160,152,4013.56,4616.56
803,337,10,4,7,321,1873,26,4861.6,5973.97
804,25,19,2,10,61,3771,12,1011.62,1663.23
805,283,3,5,7,101,3137,8,3001.1,1926.74
806,333,12,3,8,56,2155,7,3127.45,2940.36
807,299,1,2,6,430,1612,49,2263.89,3547.75
808,206,12,5,1,403,1867,46,2072.4,3387.63
809,234,4,3,1,145,3329,13,4059.58,4987.43
810,127,19,2,9,514,2034,87,2457.77,7320.79
811,198,5,5,5,288,2451,48,744.59,545.32
812,121,17,3,10,104,3657,9,3383.24,7216.77
813,304,1,4,8,97,4635,14,1026.8,2259.14
814,229,13,3,3,378,927,7,1420.89,2298.92
815,291,7,3,3,68,4541,8,138.21,206.48
816,260,5,3,4,367,1487,57,2777.93,8237.04
817,288,8,2,4,716,1666,122,898.91,922.61
818,60,10,2,10,126,2881,3,492.94,921.21
819,216,9,4,6,67,5017,5,2261.23,2855.42
820,70,2,3,6,553,1631,40,1099.92,2582.56
821,344,15,4,8,218,910,27,4254.96,9932.1
822,327,3,5,4,728,5281,41,2981.12,4405.06
823,217,4,3,5,691,3365,129,2286.78,4248.06
824,56,9,1,6,410,3630,8,1628.21,4395.36
825,117,9,4,4,788,3057,30,4637.86,9444.42
826,301,5,5,6,625,3555,15,1887.58,3528.21
827,15,2,1,6,423,2191,7,161.36,240.8
828,281,13,4,2,710,4110,129,3950.51,2817.54
829,266,17,3,9,331,3841,8,3588.57,4262.95
830,209,13,4,6,373,4402,50,2095.48,2980.01
831,35,4,4,8,106,2778,18,4186.11,11606.83
832,270,13,3,10,515,5189,94,4262.18,5455.97
833,238,7,3,2,724,4394,26,1174.56,1741.48
834,196,13,1,8,438,4074,61,4222.57,7634.85
835,279,14,3,1,977,5574,112,3746.27,3941.62
836,15,16,3,2,290,4425,45,4648.87,13083.74
837,37,3,5,10,322,3030,45,1917.83,3587.47
838,146,6,4,8,272,3020,50,156.11,262.57
839,217,1,3,7,591,2252,54,3460.53,6336.4
840,167,19,1,2,205,1485,17,3893.71,3512.96
841,259,1,1,6,424,1080,23,817.17,2235.59
842,32,3,2,9,696,3324,28,1724.51,2454.25
843,225,10,2,1,399,2364,39,2801.31,4608.46
844,301,1,1,5,838,1526,113,4343.39,6101.45
845,277,6,4,3,324,4455,58,3108.07,2419.21
846,42,9,2,7,612,2596,74,4424.91,9898.56
847,279,10,1,7,237,1843,7,2814.85,7404.52
848,110,8,3,3,523,4807,65,965.72,1002.06
849,24,5,1,7,386,2055,48,3639.15,7391.96
850,38,13,5,6,579,1677,26,4563.21,6372.08
851,130,12,3,9,889,1511,50,1893.74,1718.15
852,19,4,1,9,599,2702,47,3823.63,2205.71
853,181,18,5,3,501,3191,15,3874.17,5415.5
854,211,8,4,5,936,5403,139,4050.11,8483.07
855,60,17,1,10,328,1104,39,4867.97,7361.57
856,304,10,4,1,343,4918,63,2680.39,6465.58
857,212,13,5,4,87,2459,15,4715.61,10824.27
858,275,8,3,4,208,3340,17,4284.48,8532.43
859,70,6,5,4,989,4911,172,3250.58,1665.34
860,178,18,1,2,457,2604,29,487.19,248.93
861,101,14,1,10,962,3175,140,1730.21,951.85
862,207,9,4,9,483,5115,42,747.16,788.31
863,107,14,4,1,746,4188,46,2596.14,2542.72
864,97,8,4,9,969,1885,133,4939.82,2730.96
865,337,18,1,10,583,1214,86,3091.14,9191.92
866,329,14,4,8,877,3799,129,2718.28,6068.18
867,342,15,2,2,341,3820,9,2977.89,6988.28
868,193,19,4,4,564,5302,13,2103.04,2568.59
869,166,5,5,3,379,1571,10,1113.32,1642.11
870,287,6,3,3,517,5030,33,553.85,1093.09
871,326,4,3,4,475,4046,7,4864.22,5628.37
872,254,8,2,4,861,3092,170,2430.76,3990.31
873,294,13,3,6,535,2847,38,1191.31,3203.98
874,105,13,5,7,197,1254,4,1245.83,1637.81
875,361,19,5,5,557,2200,98,4195.39,9288.32
876,9,7,2,3,912,2585,161,4182.4,5683.57
877,247,19,2,1,235,1636,27,2024.2,3054.84
878,164,10,1,2,602,3186,39,231.32,693.01
879,233,20,3,10,409,2576,31,4806.87,13122.79
880,180,8,4,8,999,5414,61,4908.53,13026.45
881,193,1,4,2,633,1649,11,4864.79,2813.84
882,339,9,4,10,628,5505,25,597.42,1598.98
883,180,14,4,3,537,5363,55,2955.42,5547.99
884,64,13,2,7,346,3259,12,3461.17,5098.47
885,83,16,5,7,633,1671,120,4656.26,4278.72
886,236,12,5,7,611,4649,12,3597.35,9330.11
887,97,10,2,6,590,3026,76,836.91,1486.18
888,251,15,4,5,610,4334,44,246.48,396.33
889,312,11,4,8,974,4177,154,3606.56,5674.58
890,267,7,1,9,414,2768,59,1309.01,3713.52
891,149,8,1,5,605,4062,35,3007.94,8107.68
892,128,9,3,8,199,4154,18,709.21,1172.07
893,108,7,1,6,770,3522,28,4153.44,8584.45
894,163,8,5,3,313,1003,14,219.88,382.32
895,258,3,1,9,228,1147,29,2830.99,3313.45
896,63,20,4,7,423,4710,69,108.03,242.39
897,194,2,4,7,861,2102,142,2864.58,3051.66
898,145,6,2,7,900,2979,168,4900.42,5704.73
899,90,2,2,7,500,4380,99,2436.93,2775.61
900,238,13,2,2,220,4911,29,3054.84,1543.33
901,103,15,1,5,833,3410,85,1510.88,2386.94
902,122,13,4,1,943,4746,176,2987.13,2298.47
903,304,17,3,7,640,3527,124,2698.21,4368.66
904,328,10,4,1,157,4509,18,456.68,834.44
905,9,15,3,2,117,3390,6,4225.02,9458.89
906,353,8,5,10,668,5638,12,1159.48,2154.74
907,23,5,1,2,355,5241,19,3065.41,6954.36
908,124,17,5,6,458,3938,7,3221.54,2104.72
909,47,6,5,2,724,3239,48,2290.09,6664.0
910,200,13,1,7,706,4054,103,1443.0,3086.8
911,40,13,4,10,221,1554,15,2898.86,8587.3
912,150,12,4,1,146,4906,24,1257.84,1972.02
913,358,3,2,6,761,3626,11,3156.51,7726.77
914,333,4,3,6,432,5165,44,2648.5,1861.32
915,137,4,4,5,567,5232,49,1253.73,2695.87
916,300,18,3,6,948,4675,76,4406.12,3858.67
917,1,16,5,7,660,1614,64,1856.11,1611.34
918,285,17,1,5,763,3137,22,2730.92,4828.35
919,354,13,5,5,333,2327,9,346.18,214.85
920,132,3,4,9,854,5018,35,4948.56,7397.98
921,365,12,3,3,292,2543,37,2766.27,3282.39
922,270,9,4,6,818,3441,88,1527.9,1756.96
923,193,2,2,8,167,4220,21,1848.3,3576.15
924,156,6,4,5,274,3599,36,2470.26,7142.58
925,117,6,4,1,633,3049,78,241.6,441.88
926,324,5,2,9,510,1816,68,1633.04,4302.46
927,87,14,1,6,849,5564,42,2406.53,6810.45
928,125,16,5,6,659,4303,18,4242.48,2680.5
929,250,12,4,10,704,3737,103,1369.91,1586.63
930,76,1,1,7,898,4830,92,4673.79,11794.86
931,346,16,1,5,413,1718,27,4527.54,12050.13
932,340,6,2,5,603,1597,53,4216.16,6351.87
933,180,3,4,1,927,5911,33,3554.35,6225.6
934,253,11,5,1,376,2072,21,3022.07,7511.79
935,240,1,5,7,434,2894,58,4702.57,3716.03
936,245,1,2,6,785,5258,106,3190.86,2483.66
937,54,9,5,2,896,4979,42,2749.24,7675.61
938,345,8,5,10,154,4027,11,4147.88,3213.82
939,125,17,1,5,464,1035,78,2811.26,3911.22
940,290,10,1,3,98,1309,8,1819.43,3135.25
941,284,11,2,8,259,3352,42,2393.52,1722.76
942,10,3,3,1,655,3645,10,3905.87,9239.69
943,195,10,2,5,645,4139,26,3267.37,9254.5
944,11,11,1,10,595,4513,98,2626.68,4677.39
945,117,11,5,3,827,1597,47,2137.11,4825.53
946,98,10,3,7,159,1405,5,4086.85,10142.76
947,251,2,4,1,432,2412,18,361.56,356.67
948,150,3,4,8,246,3413,13,3178.62,1822.95
949,212,2,2,8,234,2068,12,4571.28,2747.33
950,291,6,5,10,855,3321,84,264.88,217.49
951,339,4,4,7,677,2284,74,3211.69,3738.08
952,344,8,3,6,549,4589,55,2043.01,1567.34
953,146,1,3,4,795,3982,34,4679.65,6886.33
954,71,9,4,7,753,1570,10,3201.14,2237.53
955,186,9,2,2,224,5145,40,3379.86,6207.93
956,148,13,1,6,499,5419,96,4155.81,5343.09
957,224,18,3,7,184,4512,23,2960.51,8296.77
958,270,20,4,8,50,4619,9,1487.43,2966.01
959,273,6,3,5,366,1692,25,2659.86,7710.38
960,115,5,5,3,447,4125,66,3862.42,11278.44
961,234,17,3,10,192,1740,9,2979.59,3743.26
962,81,15,1,8,376,4708,20,178.8,458.7
963,318,10,4,1,589,4082,34,4486.37,8214.44
964,163,19,4,9,555,2914,110,3066.15,6021.96
965,287,9,4,10,701,2339,46,4598.7,9252.67
966,91,9,2,7,226,4632,32,4434.39,10133.91
967,47,13,5,9,388,928,64,3423.04,8970.0
968,278,1,3,10,462,3635,65,3230.27,3903.19
969,253,16,1,9,673,4371,8,3049.61,9089.2
970,331,12,3,1,886,3372,23,3422.35,4535.18
971,219,20,5,6,92,3211,15,4926.15,8105.81
972,122,19,5,4,885,4634,60,4764.1,11955.98
973,48,1,2,7,629,2198,31,1338.85,811.16
974,194,20,2,7,204,1547,2,1345.65,1496.5
975,66,6,2,10,952,3571,69,1624.11,3513.34
976,317,20,5,10,313,3819,40,2423.0,3212.21
977,286,1,1,5,386,4474,54,2888.71,3707.31
978,197,11,5,8,72,4351,3,2222.7,5566.56
979,279,13,3,8,80,3468,1,4245.63,4479.6
980,37,20,5,1,549,1062,39,3060.6,7916.49
981,61,8,4,2,233,3173,31,3897.45,7852.97
982,263,4,5,7,525,1178,96,234.54,150.73
983,97,5,1,7,109,3027,13,2234.39,5424.65
984,53,9,2,7,302,4133,8,4005.33,11165.23
985,65,4,1,3,662,2630,120,1481.59,1533.25
986,303,2,4,3,737,2693,104,4179.21,3045.79
987,192,8,3,7,906,2798,41,1263.72,3025.21
988,193,15,1,6,422,1012,30,997.38,2008.49
989,247,17,5,5,569,2949,91,4874.87,13139.01
990,46,7,5,7,788,5233,152,2859.53,3309.17
991,144,4,3,2,754,5582,64,3155.85,2829.48
992,354,9,3,7,930,1526,78,1059.48,1241.45
993,222,11,1,1,707,1501,115,430.29,770.77
994,163,9,2,9,961,5118,138,1986.34,1040.9
995,119,5,4,9,664,2370,44,3021.71,6480.63
996,114,12,5,2,847,5823,80,1036.83,616.29
997,301,14,3,3,197,2349,37,817.04,705.11
998,312,4,2,4,239,953,44,2817.3,6519.02
999,324,9,4,1,390,2596,65,2924.43,5969.22
1000,72,13,2,10,983,2230,178,2687.33,3808.24
